{
  "project_info": {
    "project_number": "560009761648",
    "firebase_url": "https://mexpense-15123-default-rtdb.firebaseio.com",
    "project_id": "mexpense-15123",
    "storage_bucket": "mexpense-15123.appspot.com"
  },
  "client": [
    {
      "client_info": {
        "mobilesdk_app_id": "1:560009761648:android:fd73a340e17268bdc1b5b5",
        "android_client_info": {
          "package_name": "com.myapp.mexpense"
        }
      },
      "oauth_client": [
        {
          "client_id": "560009761648-apomtvqr5jdbku2ovcp9kaaf3mlilbfg.apps.googleusercontent.com",
          "client_type": 3
        }
      ],
      "api_key": [
        {
          "current_key": "AIzaSyA31hnCnMEQPw_IDoT3cMofRN87PT4rrgo"
        }
      ],
      "services": {
        "appinvite_service": {
          "other_platform_oauth_client": [
            {
              "client_id": "560009761648-apomtvqr5jdbku2ovcp9kaaf3mlilbfg.apps.googleusercontent.com",
              "client_type": 3
            }
          ]
        }
      }
    },
    {
      "client_info": {
        "mobilesdk_app_id": "1:560009761648:android:be6e82d0e09d0819c1b5b5",
        "android_client_info": {
          "package_name": "com.project.doctorappointment"
        }
      },
      "oauth_client": [
        {
          "client_id": "560009761648-apomtvqr5jdbku2ovcp9kaaf3mlilbfg.apps.googleusercontent.com",
          "client_type": 3
        }
      ],
      "api_key": [
        {
          "current_key": "AIzaSyA31hnCnMEQPw_IDoT3cMofRN87PT4rrgo"
        }
      ],
      "services": {
        "appinvite_service": {
          "other_platform_oauth_client": [
            {
              "client_id": "560009761648-apomtvqr5jdbku2ovcp9kaaf3mlilbfg.apps.googleusercontent.com",
              "client_type": 3
            }
          ]
        }
      }
    }
  ],
  "configuration_version": "1"
}